,precision,recall,f1-score,support
AbdomenCT,0.14647377938517178,0.04033864541832669,0.06325654041390082,2008.0
BreastMRI,0.15367316341829085,0.11202185792349727,0.129582806573957,1830.0
ChestCT,0.16312997347480107,0.06237322515212982,0.09024211298606016,1972.0
CXR,0.1793103448275862,0.025390625,0.04448246364414029,2048.0
Hand,0.1632262996941896,0.43930041152263377,0.23801560758082502,1944.0
HeadCT,0.15357044389302454,0.28018108651911466,0.19839715048975956,1988.0
accuracy,0.15877862595419848,0.15877862595419848,0.15877862595419848,0.15877862595419848
macro avg,0.1598973341155107,0.1599343085892837,0.12732944694810713,11790.0
weighted avg,0.16003995767811188,0.15877862595419848,0.12640619829040964,11790.0
