,precision,recall,f1-score,support
AbdomenCT,0.0,0.0,0.0,1992.0
BreastMRI,0.1326530612244898,0.02857142857142857,0.04701627486437613,1820.0
ChestCT,0.0,0.0,0.0,1992.0
CXR,0.0,0.0,0.0,1975.0
Hand,0.16695576756287944,0.18937530742744713,0.17746024429592072,2033.0
HeadCT,0.16673999120105587,0.7656565656565657,0.2738439306358381,1980.0
accuracy,0.16562075983717775,0.16562075983717775,0.16562075983717775,0.16562075983717775
macro avg,0.07772480333140419,0.16393388360924024,0.08305340829935583,11792.0
weighted avg,0.07725532814297795,0.16562075983717775,0.08383287648963117,11792.0
