,precision,recall,f1-score,support
AbdomenCT,0.0,0.0,0.0,2008.0
BreastMRI,0.15829145728643215,0.03442622950819672,0.05655296229802514,1830.0
ChestCT,0.0,0.0,0.0,1972.0
CXR,0.0,0.0,0.0,2048.0
Hand,0.16984478935698447,0.1970164609053498,0.18242438675875206,1944.0
HeadCT,0.1675243622030001,0.7696177062374245,0.2751551119503642,1988.0
accuracy,0.16759966072943172,0.16759966072943172,0.16759966072943172,0.16759966072943172
macro avg,0.08261010147440279,0.1668433994418285,0.08568874350119023,11790.0
weighted avg,0.08082188883831322,0.16759966072943172,0.08525303574399694,11790.0
