,precision,recall,f1-score,support
AbdomenCT,0.0,0.0,0.0,1992.0
BreastMRI,0.125,0.026923076923076925,0.04430379746835443,1820.0
ChestCT,0.0,0.0,0.0,1992.0
CXR,0.0,0.0,0.0,1975.0
Hand,0.16565481352992195,0.18789965568125921,0.17607743719751096,2033.0
HeadCT,0.17080950285965685,0.7843434343434343,0.28052745664739887,1980.0
accuracy,0.16824966078697423,0.16824966078697423,0.16824966078697423,0.16824966078697423
macro avg,0.07691071939826313,0.1665276944912951,0.08348478188554405,11792.0
weighted avg,0.07653316244644266,0.16824966078697423,0.0842980584613971,11792.0
