,precision,recall,f1-score,support
AbdomenCT,0.0,0.0,0.0,2008.0
BreastMRI,0.1708542713567839,0.03715846994535519,0.06104129263913824,1830.0
ChestCT,0.0,0.0,0.0,1972.0
CXR,0.0,0.0,0.0,2048.0
Hand,0.17250554323725056,0.2001028806584362,0.18528221005001191,1944.0
HeadCT,0.1674148691558086,0.7691146881287726,0.274975272007913,1988.0
accuracy,0.16844783715012723,0.16844783715012723,0.16844783715012723,0.16844783715012723
macro avg,0.08512911395830718,0.16772933978876067,0.0868831291161772,11790.0
weighted avg,0.08319209945020162,0.16844783715012723,0.08639058716018466,11790.0
