,precision,recall,f1-score,support
AbdomenCT,0.0,0.0,0.0,2008.0
BreastMRI,0.15829145728643215,0.03442622950819672,0.05655296229802514,1830.0
ChestCT,0.25,0.0005070993914807302,0.0010121457489878543,1972.0
CXR,0.0,0.0,0.0,2048.0
Hand,0.1614190687361419,0.18724279835390947,0.17337461300309598,1944.0
HeadCT,0.17004270228840468,0.7811871227364185,0.2792914306267422,1988.0
accuracy,0.16802374893977948,0.16802374893977948,0.16802374893977948,0.16802374893977948
macro avg,0.12329220471849645,0.16722720833166757,0.0850385252794752,11790.0
weighted avg,0.1216723433932637,0.16802374893977948,0.08462760680121902,11790.0
