,precision,recall,f1-score,support
AbdomenCT,0.0,0.0,0.0,1992.0
BreastMRI,0.15051020408163265,0.03241758241758242,0.05334538878842677,1820.0
ChestCT,0.0,0.0,0.0,1992.0
CXR,0.0,0.0,0.0,1975.0
Hand,0.16869037294015612,0.191342843089031,0.1793039870938004,2033.0
HeadCT,0.16443026836779587,0.7550505050505051,0.2700505780346821,1980.0
accuracy,0.16477272727272727,0.16477272727272727,0.16477272727272727,0.16477272727272727
macro avg,0.08060514089826411,0.16313515509285306,0.08378332565281821,11792.0
weighted avg,0.07992266205767848,0.16477272727272727,0.08449065110798028,11792.0
