,precision,recall,f1-score,support
AbdomenCT,0.0,0.0,0.0,1992.0
BreastMRI,0.1556122448979592,0.033516483516483515,0.05515370705244123,1820.0
ChestCT,0.5,0.000502008032128514,0.0010030090270812437,1992.0
CXR,0.0,0.0,0.0,1975.0
Hand,0.16731686172518423,0.18986719134284308,0.17788018433179723,2033.0
HeadCT,0.16895831041689582,0.7757575757575758,0.27748170896937946,1980.0
accuracy,0.16824966078697423,0.16824966078697423,0.16824966078697423,0.16824966078697423
macro avg,0.1653145695066732,0.16660720977483848,0.08525310156344985,11792.0
weighted avg,0.1656976696257665,0.16824966078697423,0.0859414806074715,11792.0
