,precision,recall,f1-score,support
AbdomenCT,0.0,0.0,0.0,2008.0
BreastMRI,0.1658291457286432,0.036065573770491806,0.059245960502693006,1830.0
ChestCT,0.0,0.0,0.0,1972.0
CXR,0.0,0.0,0.0,2048.0
Hand,0.15210643015521064,0.17644032921810698,0.16337223148368657,1944.0
HeadCT,0.16533450125917004,0.7595573440643864,0.2715583131013398,1988.0
accuracy,0.16276505513146736,0.16276505513146736,0.16276505513146736,0.16276505513146736
macro avg,0.08054501285717065,0.1620105411754975,0.08236275084795323,11790.0
weighted avg,0.07869781385991319,0.16276505513146736,0.08192312571413728,11790.0
