,precision,recall,f1-score,support
AbdomenCT,0.0,0.0,0.0,2008.0
BreastMRI,0.1516360734237829,0.10382513661202186,0.12325656827765162,1830.0
ChestCT,0.25,0.0015212981744421906,0.0030241935483870967,1972.0
CXR,0.0,0.0,0.0,2048.0
Hand,0.16972748815165878,0.29475308641975306,0.21541353383458647,1944.0
HeadCT,0.16771576444257938,0.6031187122736419,0.26244938163511,1988.0
accuracy,0.16666666666666666,0.16666666666666666,0.16666666666666666,0.16666666666666666
macro avg,0.1231798876696702,0.16720303891330981,0.10069061288262253,11790.0
weighted avg,0.12161689491469001,0.16666666666666666,0.09940937320530589,11790.0
