,precision,recall,f1-score,support
AbdomenCT,0.0,0.0,0.0,1992.0
BreastMRI,0.1525974025974026,0.10329670329670329,0.12319790301441677,1820.0
ChestCT,0.15384615384615385,0.001004016064257028,0.00199501246882793,1992.0
CXR,0.0,0.0,0.0,1975.0
Hand,0.16840226123177626,0.27840629611411705,0.20986281053021877,2033.0
HeadCT,0.16532145839131646,0.6,0.25921885228016583,1980.0
accuracy,0.16485753052917232,0.16485753052917232,0.16485753052917232,0.16485753052917232
macro avg,0.10669454601110821,0.16378450257917956,0.09904576304893821,11792.0
weighted avg,0.10633370894571055,0.16485753052917232,0.09905857103517696,11792.0
