,precision,recall,f1-score,support
AbdomenCT,0.1728395061728395,0.035140562248995984,0.05840634125990822,1992.0
BreastMRI,0.15981070258463778,0.2412087912087912,0.19224874096781258,1820.0
ChestCT,0.17588726513569938,0.16917670682730923,0.17246673490276357,1992.0
CXR,0.22169811320754718,0.02379746835443038,0.04298125285779607,1975.0
Hand,0.177356385945343,0.31283817019183474,0.22637479978643887,2033.0
HeadCT,0.17053998632946002,0.25202020202020203,0.2034243783122707,1980.0
accuracy,0.1719810040705563,0.1719810040705563,0.1719810040705563,0.1719810040705563
macro avg,0.17968865989592117,0.17236365014192725,0.14931704134783166,11792.0
weighted avg,0.17991924069663914,0.1719810040705563,0.14905699522521493,11792.0
