,precision,recall,f1-score,support
AbdomenCT,0.19956616052060738,0.045816733067729085,0.0745240988254354,2008.0
BreastMRI,0.16469282013323464,0.24316939890710382,0.1963812886142983,1830.0
ChestCT,0.17278617710583152,0.16227180527383367,0.16736401673640167,1972.0
CXR,0.16753926701570682,0.015625,0.028584189370254576,2048.0
Hand,0.1798780487804878,0.3338477366255144,0.23378962536023054,1944.0
HeadCT,0.16364247311827956,0.24496981891348088,0.19621273166800965,1988.0
accuracy,0.1717557251908397,0.1717557251908397,0.1717557251908397,0.1717557251908397
macro avg,0.1746841577790246,0.17428341546461032,0.14947599176243836,11790.0
weighted avg,0.1748070936945271,0.1717557251908397,0.1477661027732313,11790.0
