,precision,recall,f1-score,support
Top,0.0,0.0,0.0,355.0
Basal,0.0,0.0,0.0,194.0
Medial,0.0,0.0,0.0,367.0
Apical,0.0,0.0,0.0,364.0
Bottom,0.13396481732070364,1.0,0.23627684964200474,198.0
accuracy,0.13396481732070364,0.13396481732070364,0.13396481732070364,0.13396481732070364
macro avg,0.02679296346414073,0.2,0.047255369928400945,1478.0
weighted avg,0.0179465722797695,0.13396481732070364,0.03165278499940253,1478.0
