,precision,recall,f1-score,support
Top,0.9266304347826086,0.9605633802816902,0.9432918395573997,355.0
Basal,0.7668393782383419,0.7628865979381443,0.7648578811369509,194.0
Medial,0.8695652173913043,0.8719346049046321,0.870748299319728,367.0
Apical,0.8695652173913043,0.8241758241758241,0.8462623413258109,364.0
Bottom,0.8431372549019608,0.8686868686868687,0.855721393034826,198.0
accuracy,0.8667117726657646,0.8667117726657646,0.8667117726657646,0.8667117726657646
macro avg,0.8551475005411039,0.8576494551974319,0.8561763508749431,1478.0
weighted avg,0.8662476279497267,0.8667117726657646,0.8662300310536374,1478.0
