,precision,recall,f1-score,support
Top,0.9289617486338798,0.9577464788732394,0.943134535367545,355.0
Basal,0.7563451776649747,0.7680412371134021,0.7621483375959079,194.0
Medial,0.8657534246575342,0.8610354223433242,0.8633879781420766,367.0
Apical,0.8538681948424068,0.8186813186813187,0.8359046283309958,364.0
Bottom,0.835820895522388,0.8484848484848485,0.8421052631578948,198.0
accuracy,0.8599458728010826,0.8599458728010826,0.8599458728010826,0.8599458728010826
macro avg,0.8481498882642369,0.8507978610992266,0.8493361485188841,1478.0
weighted avg,0.8596376538006877,0.8599458728010826,0.8596340002334049,1478.0
