,precision,recall,f1-score,support
AbdomenCT,0.0,0.0,0.0,2008.0
BreastMRI,0.0,0.0,0.0,1830.0
ChestCT,0.0,0.0,0.0,1972.0
CXR,0.17402761673869505,0.80615234375,0.2862592110966623,2048.0
Hand,0.0,0.0,0.0,1944.0
HeadCT,0.16239687364307426,0.1881287726358149,0.1743183407131205,1988.0
accuracy,0.1717557251908397,0.1717557251908397,0.1717557251908397,0.1717557251908397
macro avg,0.05607074839696155,0.16571351939763582,0.07676292530163047,11790.0
weighted avg,0.05761268395956565,0.1717557251908397,0.07911821252448244,11790.0
