,precision,recall,f1-score,support
AbdomenCT,0.0,0.0,0.0,1992.0
BreastMRI,0.0,0.0,0.0,1820.0
ChestCT,0.0,0.0,0.0,1992.0
CXR,0.1658201058201058,0.7934177215189874,0.27431072210065643,1975.0
Hand,0.0,0.0,0.0,2033.0
HeadCT,0.15542271562766866,0.18383838383838383,0.16844053678852383,1980.0
accuracy,0.1637550881953867,0.1637550881953867,0.1637550881953867,0.1637550881953867
macro avg,0.05354047024129575,0.16287601755956185,0.07379187648153004,11792.0
weighted avg,0.05386971556457708,0.1637550881953867,0.07422624991435496,11792.0
