,precision,recall,f1-score,support
AbdomenCT,0.0,0.0,0.0,1992.0
BreastMRI,0.0,0.0,0.0,1820.0
ChestCT,0.0,0.0,0.0,1992.0
CXR,0.16653365256717212,0.6339240506329114,0.26377330664700305,1975.0
Hand,0.16615384615384615,0.15937038858829317,0.16269143861410998,2033.0
HeadCT,0.1591203104786546,0.18636363636363637,0.1716678297278437,1980.0
accuracy,0.16494233378561737,0.16494233378561737,0.16494233378561737,0.16494233378561737
macro avg,0.08196796819994548,0.1632763459308068,0.09968876249815944,11792.0
weighted avg,0.08325584699785196,0.16494233378561737,0.10105209279099789,11792.0
