,precision,recall,f1-score,support
AbdomenCT,0.0,0.0,0.0,2008.0
BreastMRI,0.0,0.0,0.0,1830.0
ChestCT,0.0,0.0,0.0,1972.0
CXR,0.17114719190843758,0.6279296875,0.26898138464756327,2048.0
Hand,0.17452357071213642,0.17901234567901234,0.17673946165566276,1944.0
HeadCT,0.16096491228070176,0.1846076458752515,0.17197750702905343,1988.0
accuracy,0.16972010178117047,0.16972010178117047,0.16972010178117047,0.16972010178117047
macro avg,0.08443927915021261,0.16525827984237731,0.10294972555537991,11790.0
weighted avg,0.08564728720160378,0.16972010178117047,0.10486400960055778,11790.0
