,precision,recall,f1-score,support
AbdomenCT,0.17385943279901356,0.14043824701195218,0.15537190082644628,2008.0
BreastMRI,0.16901408450704225,0.08524590163934426,0.11333091173265528,1830.0
ChestCT,0.17540687160940324,0.049188640973630834,0.07683168316831684,1972.0
CXR,0.17,0.20751953125,0.18689533861037816,2048.0
Hand,0.16386182462356066,0.2854938271604938,0.20821609454136186,1944.0
HeadCT,0.16292335115864529,0.22987927565392355,0.19069476319632797,1988.0
accuracy,0.16726039016115352,0.16726039016115352,0.16726039016115352,0.16726039016115352
macro avg,0.1691775941162775,0.16629423728155743,0.15522344867924773,11790.0
weighted avg,0.16920329734466824,0.16726039016115352,0.155854907127646,11790.0
